{
  "vehicles": [
    {
      "id": 1,
      "vin": "TEV-8765",
      "vehicleName": "NEXON-EV",
      "fleetName": "fleet 1",
      "currentDriver": "Ankush Bhalage"
    },
    {
      "id": 2,
      "vin": "TEV-8765",
      "vehicleName": "NEXON-EV",
      "fleetName": "fleet 1",
      "currentDriver": "Ankush Bhalage"
    },
    {
      "id": 3,
      "vin": "TEV-8765",
      "vehicleName": "Auto",
      "fleetName": "fleet 1",
      "currentDriver": "Ankush Bhalage"
    },
    {
      "id": 4,
      "vin": "TEV-8765",
      "vehicleName": "NEXON-EV",
      "fleetName": "fleet 1",
      "currentDriver": "Ankush Bhalage"
    },
    {
      "id": 5,
      "vin": "TEV-8765",
      "vehicleName": "NEXON-EV",
      "fleetName": "fleet 1",
      "currentDriver": "Ankush Bhalage"
    }
  ],
  "users": [
    {
      "id": 1,
      "email": "ram@gmail.com",
      "first_name": "ram",
      "last_name": "shinde",
      "phone": "+918459490974",
      "roles": [
        "SuperUser"
      ]
    },
    {
      "id": 2,
      "email": "ankush@gmail.com",
      "first_name": "ankush",
      "last_name": "bhalage",
      "phone": "+918459490974",
      "roles": [
        "SuperUser"
      ]
    },
    {
      "id": 3,
      "first_name": "fghj",
      "email": "jkl@gmail.com",
      "last_name": "hj",
      "phone": "+918459490974",
      "roles": [
        "Driver"
      ]
    },
    {
      "id": 4,
      "first_name": "kunal",
      "email": "kunal@gmail.com",
      "last_name": "thanvi",
      "phone": "+918459490974",
      "roles": [
        "SuperUser",
        "Admin",
        "OTA Approver",
        "Release Certifier"
      ]
    },
    {
      "id": 5,
      "first_name": "Sourabh",
      "email": "sourabh@gmail.com",
      "last_name": "Choubey",
      "phone": "+918967984676",
      "roles": [
        "SuperUser",
        "Admin",
        "OTA Approver"
      ]
    },
    {
      "id": 6,
      "first_name": "Samir",
      "email": "samir@gmail.com",
      "last_name": "kasar",
      "phone": "+917845678912",
      "roles": [
        "SuperUser",
        "Release Certifier"
      ]
    }
    
  ],"fleets":[
    {
      "id":1,
      "name":"Fev",
      "vehicles":12,
      "users":4
    },
    {
      "id":2,
      "name":"Fev",
      "vehicles":12,
      "users":4
    },
    {
      "id":3,
      "name":"Fev",
      "vehicles":12,
      "users":4
    }
    ,{
      "id":4,
      "name":"Fev",
      "vehicles":12,
      "users":4
    },{
      "id":5,
      "name":"Fev",
      "vehicles":12,
      "users":4
    }
    ,{
      "id":6,
      "name":"Fev",
      "vehicles":12,
      "users":4
    }

  ],
  "products":[
    {
      "id":1,
      "product":"BEV",
      "name":"Fev 1",
      "description":"desc fev 1",
      "vehicles":12
    },
    {
      "id":2,
      "product":"BEV",
      "name":"Fev 1",
      "description":"desc fev 1",
      "vehicles":12
    },{
      "id":3,
      "product":"FCEV",
      "name":"Fev 1",
      "description":"desc fev 1",
      "vehicles":12
    },
    {
      "id":1,
      "product":"BEV",
      "name":"Fev 1",
      "description":"desc fev 1",
      "vehicles":12
    },
    {
      "id":2,
      "product":"BEV",
      "name":"Fev 1",
      "description":"desc fev 1",
      "vehicles":12
    },{
      "id":3,
      "product":"FCEV",
      "name":"Fev 1",
      "description":"desc fev 1",
      "vehicles":12
    },
    {
      "id":1,
      "product":"BEV",
      "name":"Fev 1",
      "description":"desc fev 1",
      "vehicles":12
    },
    {
      "id":2,
      "product":"BEV",
      "name":"Fev 1",
      "description":"desc fev 1",
      "vehicles":12
    },{
      "id":3,
      "product":"FCEV",
      "name":"Fev 1",
      "description":"desc fev 1",
      "vehicles":12
    },
    {
      "id":1,
      "product":"BEV",
      "name":"Fev 1",
      "description":"desc fev 1",
      "vehicles":12
    },
    {
      "id":2,
      "product":"BEV",
      "name":"Fev 1",
      "description":"desc fev 1",
      "vehicles":12
    },{
      "id":3,
      "product":"FCEV",
      "name":"Fev 1",
      "description":"desc fev 1",
      "vehicles":12
    }
  ]
}